,LONGITUDE,LATITUDE,NUMBER_OF_PERSONS_INJURED
919051,-73.9802186,40.6150052,0
587479,-73.9105484,40.6575246,0
976905,-73.810322,40.6670811,1
486955,-73.9571303,40.6884631,0
16658,-73.94186,40.851818,0
541199,-73.8064642,40.6984091,0
991538,-73.9413524,40.8018664,0
77993,-73.9272013,40.8741512,1
729030,-73.9720063,40.6322738,0
667140,-73.9623122,40.7197689,0
250826,-73.8839853,40.8049519,0
696888,-73.8259851,40.7483098,0
612518,-74.0097367,40.6456658,0
563482,-73.8366945,40.7816495,0
568376,-73.9934636,40.7521904,0
897522,-73.8262226,40.8343549,0
906495,-73.9634255,40.7618573,0
64220,-73.7119312,40.7365558,2
832490,-73.8417489,40.7121127,0
348089,-73.9840137,40.5901544,0
64202,-73.8677857,40.7445145,0
448188,-73.7857186,40.7629209,0
681962,-73.8565294,40.6859635,0
546973,-73.8190924,40.7533853,0
550840,-73.8574836,40.6781722,1
216594,-73.9835497,40.7342607,3
94093,-74.0016664,40.7095234,1
11680,-73.762505,40.60664,1
363992,-73.9059739,40.640237,3
940318,-73.9534701,40.7302699,0
713747,-73.9472285,40.6750535,3
689410,-74.0057798,40.7256734,2
368889,-73.918015,40.6702714,0
19018,-73.91369,40.83226,0
430522,-73.9305396,40.7265097,0
509000,-73.9823647,40.7673924,2
44073,-73.9645308,40.7672346,1
969115,-73.7137011,40.7361595,0
494662,-73.990946,40.7396742,1
530341,-73.8836235,40.8672566,0
291564,-73.820878,40.6705427,0
221500,-73.8612312,40.6669479,0
567058,-74.0847251,40.5996982,0
856321,-73.8960143,40.7352388,1
5719,-73.90719,40.68556,0
276244,-73.975589,40.6870851,0
98320,-73.8164151,40.7098656,0
890388,-73.9702235,40.5905415,0
910789,-73.8200424,40.6916433,0
976859,-73.9486777,40.8156923,2
978052,-73.9123973,40.6163899,0
395122,-73.7826497,40.6670766,1
395163,-74.0117465,40.7223244,0
28100,-73.95089,40.818394,0
668016,-73.9167319,40.869319,0
689648,-73.9422665,40.7016369,1
882870,-73.9310841,40.6582963,1
602457,-73.9648003,40.715046,0
484247,-73.9955453,40.764627,0
653947,-73.9661334,40.6896738,0
8234,-73.761955,40.717056,0
326164,-73.9138458,40.8336934,0
456197,-73.8423577,40.7155198,0
772554,-73.8926861,40.8323444,0
452470,-73.7600656,40.7031415,0
537745,-73.7484927,40.6111443,0
106834,-73.8654089,40.6519753,0
999333,-73.9275386,40.6772496,1
45022,-73.9426118,40.6649477,0
592287,-73.8647387,40.6917127,0
768465,-73.9555646,40.8194253,0
917268,-73.7981052,40.68511,0
569227,-73.903851,40.8281961,0
908173,-74.1593818,40.5408333,0
416404,-73.8875661,40.8555543,0
351917,-73.9189434,40.8644625,1
320242,-74.0051756,40.7514055,0
582310,-73.8254559,40.7120013,0
51694,-73.9490078,40.8233146,0
469624,-73.9481706,40.7246381,0
377686,-73.738228,40.6686304,0
863803,-74.1216062,40.5735565,1
841086,-73.9967485,40.5956424,0
602707,-73.7777101,40.7220991,1
353807,-73.9549775,40.688712,0
697454,-73.8518966,40.7441795,0
17399,-73.8686,40.73261,0
716167,-73.9720779,40.5903416,0
44040,-73.9261378,40.6628331,0
270699,-74.0811029,40.617789,0
567441,-73.9089607,40.7434703,0
800025,-73.9870157,40.7610362,2
100370,-73.8824872,40.7552899,3
28007,-73.758156,40.665634,1
484845,-73.7962822,40.7401229,1
146983,-73.9208602,40.805435,1
11672,-73.9222,40.760475,0
835699,-74.0126478,40.6428659,0
528119,-73.9077931,40.760517,0
860941,-73.8421578,40.7009037,1
995553,-73.8347991,40.7475728,4
749802,-74.0852059,40.6293142,1
653962,-73.9235892,40.7070278,0
531704,-74.0063331,40.7396305,0
470180,-73.7594537,40.7017816,0
764556,-73.90971,40.7497536,0
948998,-73.8840574,40.7345494,2
676334,-73.9257853,40.6815715,1
754813,-73.9944266,40.7169671,1
682807,-73.9804719,40.7831606,0
496516,-73.9610528,40.8068207,2
998264,-73.7860479,40.7525381,0
269110,-73.9464798,40.7948616,0
234323,-73.8704901,40.7196775,0
17657,-74.02455,40.624847,0
433384,-73.8700694,40.8965911,0
982328,-73.9991446,40.754584,0
543332,-73.9182799,40.7835752,0
427299,-73.966775,40.6322943,1
465201,-73.818411,40.6948631,2
45809,-73.907745,40.65794,0
46323,-73.888382,40.668789,0
942111,-73.9414991,40.6144102,0
981100,-73.8152441,40.7042012,0
972516,-73.882203,40.6853613,1
564532,-73.9305383,40.8536861,1
904919,-73.7599852,40.7144361,0
985517,-73.990759,40.7609926,0
896673,-73.8617067,40.8461393,0
799462,-73.7890744,40.6903857,0
457358,-73.9926041,40.7241363,0
788071,-73.817832,40.739659,1
957430,-73.9441849,40.6847054,0
484020,-73.9375408,40.7887968,0
941113,-73.9306435,40.7266047,0
934688,-74.1698275,40.5610915,0
971984,-73.7342953,40.7425075,0
771055,-73.9444984,40.7152274,2
732309,-73.8986871,40.8308375,0
734336,-73.8036933,40.7625055,0
462404,-73.9468394,40.7290319,0
449223,-73.8760673,40.7565375,1
962558,-73.8414531,40.7090458,1
526822,-73.8681791,40.8229458,0
670988,-73.9204005,40.8220605,3
949957,-73.8937569,40.7297801,0
250683,-74.2177725,40.5532456,0
884194,-74.0309361,40.6056732,0
321025,-73.8668523,40.7348217,0
394622,-73.8414102,40.7816918,1
89209,-73.8961904,40.6731495,0
714492,-73.8126461,40.7508196,0
496376,-73.8300388,40.7429662,0
661289,-73.8965724,40.705766,0
760706,-73.9789645,40.7113672,0
64247,-73.975513,40.7173406,1
17988,-73.800995,40.69248,2
862359,-74.0211036,40.6415089,0
913167,-73.9580577,40.7217327,0
889666,-74.1330983,40.6342532,0
427847,-73.8501426,40.7493385,1
257442,-73.9068519,40.8707826,3
579444,-73.9910308,40.6998478,1
954134,-73.8097661,40.6837904,0
779957,-73.9924897,40.7150813,0
696901,-73.9770181,40.7138769,0
579006,-73.9590084,40.7186369,0
577753,-73.8596365,40.7104205,0
720948,-73.8117233,40.666692,2
351161,-73.981,40.6283094,1
838069,-73.7629282,40.7612459,1
660200,-73.8819394,40.6713407,0
341638,-73.9184694,40.8617723,0
658856,-73.8971135,40.6212984,0
935821,-73.9341933,40.8531997,1
928775,-73.9700187,40.6217937,0
749297,-73.9751095,40.7353901,0
17387,-73.85822,40.7056,0
655587,-73.9520675,40.6286468,0
477174,-73.8808552,40.6627814,0
30707,-73.72985,40.665558,0
933514,-73.8022829,40.6649967,1
26282,-73.919106,40.8541,0
345064,-73.961304,40.57976,0
270181,-74.0032536,40.6381043,2
766471,-73.8639204,40.6739421,0
262785,-73.9152009,40.7356626,2
330058,-73.9434848,40.7960734,0
39673,-74.10081,40.610107,1
267994,-73.9440837,40.809693,0
65451,-73.8598325,40.895086,0
390392,-73.9050772,40.8171606,0
325146,-73.874567,40.6849552,2
44741,-73.8745935,40.841521,0
388247,-73.7891291,40.7654551,0
511023,-73.8853941,40.7608454,0
849610,-73.9100022,40.6483539,0
324415,-73.9207721,40.8619359,0
726004,-73.9529911,40.5858119,0
28551,-73.920135,40.66112,1
815776,-73.7804303,40.6851188,0
35923,-73.9105,40.830738,1
33736,-73.834274,40.685326,0
459598,-73.9303642,40.7644907,0
66947,-73.8632192,40.7027616,2
756108,-73.9084987,40.8538162,1
720120,-73.9600159,40.6448523,3
623862,-73.8821335,40.8353383,0
915056,-74.010259,40.6210313,0
60999,-73.7809498,40.6773548,0
712592,-73.7423809,40.6655527,1
964141,-74.1552911,40.6132456,0
952542,-73.8770276,40.67046,0
468488,-73.9228189,40.8427518,1
928796,-73.9311566,40.8116183,0
657150,-73.9285407,40.8120366,0
713816,-73.9353723,40.8334013,3
609754,-73.9629257,40.7583082,0
971716,-73.7597173,40.6686828,0
777818,-73.8864392,40.7216514,0
609099,-73.8039995,40.7602718,2
8197,-73.859184,40.751526,0
523554,-73.8460249,40.78015,1
652280,-73.9845951,40.7541768,0
789839,-74.0035102,40.7205573,3
758255,-73.8103344,40.7552705,0
266304,-73.8866984,40.8153626,1
16784,-73.9027,40.693665,0
961823,-73.9575338,40.7116098,0
812810,-74.1063991,40.581161,0
369700,-73.8166231,40.7522478,0
670343,-73.7926883,40.7156799,0
751890,-74.1126115,40.5676287,0
684376,-73.9388385,40.8372308,0
430261,-73.9334722,40.8386358,0
813386,-73.9421411,40.8378034,0
415456,-73.7486695,40.6942955,1
962369,-73.9564383,40.7431796,1
586936,-73.8948712,40.8239366,0
578986,-73.8093473,40.7066866,0
446039,-74.0210119,40.6334692,0
231507,-73.8666883,40.7536588,0
300555,-73.9479024,40.7698675,0
480020,-73.9405157,40.824757,0
784385,-73.9725262,40.6471122,0
785267,-73.9796099,40.5794435,1
977916,-73.840351,40.7249673,0
355357,-73.7971468,40.7074206,0
724278,-73.9502553,40.6190832,0
394038,-73.997557,40.6401355,1
721485,-73.9988131,40.7230221,0
254702,-73.9435124,40.8359322,0
11463,-73.83516,40.690598,0
989384,-73.9519581,40.7151811,0
615085,-73.9266726,40.635306,0
451364,-73.7806252,40.6675224,1
246447,-73.9435263,40.69603,6
281837,-73.885612,40.7516892,0
568672,-73.836024,40.7635881,0
60228,-73.889962,40.7599331,0
711897,-73.8268476,40.6858375,0
711979,-73.9378107,40.7498984,2
845298,-73.7650163,40.7466024,0
900131,-73.8647387,40.6917127,0
748733,-73.8446926,40.5772982,0
623437,-73.9256233,40.6166737,0
299146,-73.9725472,40.803145,0
211918,-73.9804599,40.6764116,0
740202,-73.7343092,40.6537035,0
220444,-73.872697,40.8976946,0
480815,-73.9553688,40.8044198,0
565122,-73.8322954,40.7519423,0
961326,-73.8175811,40.7158211,0
854046,-73.8371988,40.5798131,0
775702,-73.7465393,40.7560994,0
363835,-73.860329,40.8464259,0
36837,-73.81078,40.73202,0
976888,-73.9843735,40.6835431,0
270029,-73.9540418,40.6388774,0
639320,-73.8894182,40.6569792,0
392921,-73.875385,40.7527627,1
605563,-73.9797284,40.7228913,1
599560,-73.9962697,40.7219516,0
429757,-73.9102422,40.6895998,0
694164,-73.9492435,40.7133192,0
959578,-73.8201646,40.6877898,0
230189,-73.9127186,40.6461217,0
377350,-73.9372821,40.7976786,0
381939,-73.8831727,40.6323716,2
384665,-73.9226143,40.6427335,0
64980,-73.9963405,40.6814746,0
658167,-73.9019877,40.8224416,0
456703,-73.8107713,40.7323251,0
824480,-73.9744105,40.732593,0
215184,-73.9064695,40.7570822,1
238139,-73.9853635,40.6906659,0
7715,-73.82789,40.823174,5
476223,-73.8710008,40.7279234,1
984932,-73.9092172,40.8518022,0
669965,-73.9926138,40.7020602,0
100413,-73.9989518,40.6215615,0
95735,-73.8848479,40.7675706,0
890338,-73.9609211,40.6127578,1
935183,-73.9490836,40.7243366,0
599113,-73.8250104,40.687951,2
93265,-73.9930182,40.6974627,0
263562,-74.1190083,40.6287077,1
745898,-73.7546683,40.6977476,0
389993,-73.9923627,40.6896895,0
279598,-73.8990319,40.83933,0
599543,-73.8846433,40.8566932,0
477138,-73.8857889,40.7474405,0
30612,-74.00923,40.63063,0
54630,-73.8853671,40.7555563,0
364021,-73.9232296,40.6121926,0
535720,-74.0149074,40.6442297,0
694033,-74.1622186,40.5593294,0
476699,-73.7654756,40.6815787,0
728494,-73.9588737,40.8200056,0
821640,-73.9323639,40.5861006,0
43492,-73.7958579,40.7855588,2
872872,-73.7687089,40.7566574,0
43857,-73.887825,40.7672,0
452399,-73.8902362,40.820099,0
754890,-73.9931557,40.7628071,0
782211,-74.0079578,40.7468134,0
43844,-74.1197852,40.5758147,2
517135,-73.9220058,40.654629,0
662860,-74.0778017,40.5792516,0
654546,-73.9464773,40.8115084,0
331,-73.97528,40.696213,0
32853,-73.89274,40.854725,0
414368,-73.925707,40.6353658,0
716096,-74.0061151,40.7237466,0
536949,-73.865914,40.8299313,0
35856,-73.94912,40.58198,2
620536,-74.0036366,40.7236808,0
571295,-74.0014466,40.7212518,0
260182,-73.9224254,40.6812097,0
900133,-73.8638166,40.6876796,0
769402,-73.897427,40.8441785,1
907956,-73.9948955,40.6707918,0
598748,-73.830528,40.69335,2
437091,-73.770304,40.7766534,0
620975,-74.1461729,40.6247492,0
251336,-73.7874917,40.6914231,1
2257,-73.89375,40.710587,0
574580,-73.9118139,40.8617318,0
662914,-74.0166846,40.7047985,0
94926,-73.8154717,40.6767127,0
444857,-73.7571082,40.5971945,0
308378,-73.9265552,40.7550849,1
230280,-73.7777368,40.7630128,2
237412,-73.9849847,40.7842244,0
359531,-73.841197,40.6833523,1
405672,-73.8598452,40.6952339,0
360977,-73.946481,40.6317075,0
748864,-73.993711,40.5780014,0
388563,-73.821356,40.6804988,0
732972,-73.858331,40.6967444,1
843476,-74.0178829,40.627482,0
501441,-73.9492066,40.6953767,0
785485,-73.8460949,40.68424,0
241481,-74.1659207,40.5602903,0
90674,-73.9893933,40.7231754,0
101044,-73.9732655,40.6546496,1
694161,-73.8366192,40.7034211,0
803970,-73.9858588,40.6165212,3
376636,-73.9077223,40.8298241,0
831088,-74.0082406,40.6402038,0
8229,-73.83141,40.8047,2
615871,-73.7310118,40.7215881,0
219879,-73.8841765,40.7594279,0
571601,-73.8307482,40.7557442,0
40766,-74.018845,40.643787,0
282244,-73.9202761,40.8626053,0
657713,-73.9857652,40.7177239,1
221344,-73.9890196,40.7582725,0
299169,-74.2402487,40.5151191,1
249707,-73.9159014,40.6197521,0
386481,-73.9322649,40.6419491,0
697645,-73.871207,40.8396755,0
8428,-73.742516,40.695877,0
84153,-73.9867258,40.5857713,0
99268,-73.9539999,40.6736318,1
407312,-73.9010787,40.8627551,0
571776,-73.8936503,40.6632221,0
724143,-73.8291056,40.6827228,0
689416,-73.9018608,40.8545875,0
254627,-73.8586728,40.8264231,0
407832,-73.8659021,40.6923975,0
43064,-73.8965615,40.8685644,0
444256,-73.8938751,40.8209797,0
939985,-73.9465889,40.7849422,0
713127,-73.9852826,40.6976294,0
53233,-73.8860972,40.7444161,2
687952,-73.9852652,40.5967449,1
465052,-73.8951385,40.835429,0
399412,-73.9884946,40.6419547,1
920322,-74.135748,40.5588504,1
357995,-73.820422,40.789528,1
225898,-73.8727052,40.8244252,0
225844,-73.9120649,40.644521,0
440347,-73.7811617,40.7292122,0
282791,-73.9630763,40.6494399,1
604530,-73.9604221,40.6525571,0
318436,-73.9288392,40.8200157,0
610857,-73.7452672,40.6012998,0
531727,-74.0149074,40.6442297,0
442332,-73.9107412,40.6696841,0
221508,-73.8026224,40.6664063,0
659695,-73.9429266,40.7899496,0
58532,-73.8837134,40.747647,0
984203,-73.9620415,40.6186183,0
588451,-73.8547936,40.7495629,0
218562,-73.9715677,40.6299872,2
797198,-74.0176553,40.6449055,0
837537,-73.9787843,40.7534814,4
227930,-73.7897157,40.7884932,0
249870,-73.9776766,40.7521198,0
753672,-73.787862,40.7518471,0
488443,-73.8487909,40.7387244,1
284347,-73.8610815,40.7058988,0
495198,-74.0931584,40.594257,0
832419,-73.7477788,40.7114374,1
586320,-73.8967071,40.8958056,0
934940,-73.9144963,40.8055605,0
25636,-73.860695,40.89352,0
229859,-73.9985813,40.7642812,0
673680,-73.9689773,40.7542505,0
20722,-73.90506,40.832706,3
24463,-73.89758,40.7493,0
472411,-73.9713978,40.6482565,0
460583,-74.0216122,40.6387712,0
424852,-73.7860951,40.6895019,0
100400,-73.7693497,40.7602845,0
891364,-73.8807926,40.8571285,0
868656,-73.9028208,40.8507348,0
299233,-73.7903844,40.6877531,2
574574,-73.8868423,40.8432985,0
615826,-74.0894424,40.6076902,1
270756,-73.9454833,40.8077723,0
223454,-73.8674268,40.8595649,1
43847,-73.9002192,40.7754338,0
433168,-73.9956963,40.6626948,0
59670,-73.8387425,40.8812664,0
653715,-73.8587678,40.7407984,0
538883,-73.9122102,40.7806064,0
36495,-73.94223,40.689426,1
71503,-73.9108055,40.7079079,0
815955,-73.8590554,40.8334144,1
363955,-73.7432726,40.7525634,0
691672,-73.8185082,40.8366568,0
529991,-73.8856752,40.8788714,1
582685,-73.9611853,40.598312,0
806226,-73.9588584,40.698677,1
774186,-73.8836061,40.7615106,0
256936,-73.8957945,40.8642161,2
366105,-73.883382,40.817352,0
230380,-73.8906229,40.6585778,0
728018,-73.8975198,40.678236,1
845602,-73.987123,40.7659905,0
73917,-73.9322649,40.6419491,2
8206,-73.98113,40.733242,3
43936,-73.9460988,40.74106,0
489452,-74.1200527,40.560394,0
1005107,-73.7675188,40.7604922,1
294785,-73.7674596,40.6037486,0
931036,-73.8149753,40.6866946,0
237835,-73.9531302,40.71076,0
12521,-73.98468,40.724472,0
591634,-73.9900681,40.7466595,0
437856,-73.8556084,40.758306,0
1001602,-73.7668897,40.7082004,2
535060,-74.0081149,40.6437775,0
900669,-73.9895819,40.7398662,1
13166,-73.9537,40.665546,1
339340,-73.8556084,40.758306,0
627958,-74.0102489,40.648707,2
592397,-73.940929,40.8190948,1
654505,-73.8829509,40.828303,0
854083,-74.0004366,40.7287944,2
325978,-73.823019,40.7413979,0
338152,-73.9307664,40.6553345,1
391283,-73.8735956,40.839799,0
732104,-73.9708633,40.6262377,0
212547,-73.7391857,40.6670627,1
542836,-74.0204175,40.645733,0
381370,-73.9496891,40.8302425,1
992051,-73.8641843,40.7497199,0
358059,-73.9067006,40.8781328,0
250761,-73.7638669,40.7263574,0
588431,-73.9726136,40.7590602,0
612883,-73.9476836,40.8302224,1
203173,-73.8457263,40.7412355,1
956851,-73.9579119,40.8212926,0
732439,-73.9118074,40.6975554,0
329455,-74.2389702,40.5327517,0
381369,-73.7899666,40.854751,1
712676,-73.8852401,40.7496522,0
607912,-73.8419172,40.7582606,0
593925,-73.8265417,40.7604644,0
267131,-73.9127392,40.8618642,0
417920,-73.9437986,40.6511064,0
514536,-73.8301393,40.7595695,0
307785,-73.9802671,40.6579365,1
483060,-74.0121932,40.6398549,0
73368,-73.9885376,40.7274022,1
509572,-73.8030082,40.7536992,0
413559,-73.9634925,40.7186686,5
978483,-73.9881767,40.7482897,0
415548,-73.9363409,40.7167794,0
732510,-73.9107412,40.6696841,0
958591,-73.7613336,40.6904688,0
463543,-73.9292434,40.7967405,0
229865,-73.9208682,40.6262526,0
531724,-73.8032324,40.6900183,0
372163,-73.8977368,40.8613524,1
507276,-73.8360403,40.7461367,1
221442,-73.9335895,40.7447332,2
222267,-73.8833095,40.749502,0
546435,-73.9881786,40.7377307,0
997602,-73.8270053,40.8863463,3
274493,-73.8681501,40.7555049,0
599909,-73.982275,40.7515772,0
856776,-73.9059495,40.6345745,1
72258,-73.9824787,40.7182916,0
91309,-73.9551127,40.7128193,0
681401,-73.955191,40.7358671,0
795895,-74.0132627,40.7087321,0
465504,-73.820349,40.6943172,0
802343,-74.1522826,40.5673935,0
762380,-74.1097619,40.5704668,1
817084,-73.9693348,40.7852936,0
50069,-73.950592,40.7140581,0
89933,-74.0053218,40.7284923,0
278939,-73.8968533,40.6757357,0
12763,-74.171684,40.55924,0
587366,-73.958584,40.6817416,1
757866,-73.9406657,40.8347313,0
39834,-73.82971,40.693592,0
20840,-73.83875,40.881264,0
820244,-73.8497345,40.8835566,0
739890,-73.996839,40.7373607,0
437356,-73.9885593,40.7691169,0
607006,-73.9282299,40.6647091,0
16768,-73.90308,40.700436,0
11408,-73.82286,40.82447,1
563329,-73.9279933,40.6568012,0
967980,-73.983365,40.7660449,0
363982,-73.8879967,40.8166622,0
645930,-73.9553688,40.8044198,1
517000,-73.9235855,40.6505183,2
732396,-73.9062406,40.824822,1
526951,-73.9035145,40.8609182,0
452490,-73.9936392,40.7272901,0
3196,-73.84931,40.897724,0
30136,-73.99497,40.634914,0
16243,-73.88621,40.73845,0
59728,-73.907888,40.7366548,2
986537,-73.9053253,40.81547,1
602124,-73.8525757,40.7455061,0
398965,-73.9698248,40.5884279,1
227159,-73.9515724,40.8045253,0
963257,-73.7812662,40.6655171,0
556143,-73.832275,40.7514564,0
524975,-74.0093484,40.7289889,0
239008,-73.9224105,40.7435926,0
995354,-73.9175086,40.5608801,1
828248,-73.9867215,40.7159536,0
960726,-73.9127392,40.8618642,0
359716,-73.8412409,40.8406016,0
265655,-73.929129,40.8599926,1
552963,-73.8666495,40.7496185,0
446980,-73.9253817,40.7619707,1
508065,-73.9229592,40.6841469,0
798984,-73.8920315,40.8171079,0
802390,-73.9617203,40.7203204,0
290434,-73.9113219,40.672196,1
803507,-74.0023315,40.7502089,1
3910,-73.98129,40.59609,0
292937,-73.8926325,40.8700429,2
481195,-73.9585504,40.706881,0
724262,-73.9550764,40.8200975,1
711312,-73.7542692,40.7502487,0
641431,-73.9024678,40.8449733,0
452524,-73.8180315,40.7440404,0
472114,-73.9208649,40.7566785,0
546798,-73.9025894,40.9124681,0
297187,-73.7684813,40.7037681,1
64559,-73.941946,40.6720783,1
977353,-73.8492907,40.5799915,0
694603,-73.749513,40.7058885,0
652262,-73.9567033,40.6741709,2
602442,-73.8096968,40.7867847,0
716966,-73.8657783,40.8595822,0
915601,-73.9450575,40.6891029,2
505602,-73.9397543,40.8156002,0
22508,-73.91375,40.748928,1
258516,-73.9116817,40.7679637,0
480324,-73.9165445,40.6758395,0
673090,-74.1551318,40.5621307,1
628315,-73.9939473,40.7515235,0
814598,-74.0083661,40.7503074,0
742589,-73.9568264,40.8126106,0
724613,-73.9600379,40.608031,1
240286,-73.924054,40.7581766,0
783247,-73.8710743,40.7608056,0
991806,-73.9179524,40.8061229,2
449149,-73.9334126,40.5967567,0
670406,-73.8771311,40.7713758,2
996253,-73.9347815,40.8087865,0
879013,-74.0007037,40.7422546,0
854069,-73.7696774,40.6843183,1
257781,-73.976997,40.6298704,1
250319,-73.9098866,40.7579468,1
554732,-73.7960918,40.7032933,4
504177,-73.868207,40.7522607,0
390002,-73.8855916,40.738325,10
861884,-73.9427541,40.8057427,1
451356,-73.8950867,40.7353916,0
253057,-73.9168551,40.6724994,0
888141,-73.9517381,40.7254356,0
774585,-73.8355565,40.7073282,0
577978,-73.9420297,40.6711863,0
857483,-73.7398107,40.6597135,0
860837,-73.8851276,40.7646768,0
448400,-73.9007185,40.9054676,0
386187,-73.8550445,40.7536639,1
616168,-73.9116661,40.8069664,0
82344,-73.7810144,40.6829186,3
865106,-73.9610689,40.7608574,0
538342,-73.9541633,40.7872263,0
509531,-73.8850947,40.7439732,1
510853,-73.8492773,40.8842422,0
390424,-73.9697999,40.7629131,0
416510,-73.8388964,40.7611454,0
82350,-73.9114377,40.633857,1
334497,-74.0166846,40.7047985,0
602958,-73.9156111,40.820822,1
412124,-73.9859304,40.7008401,0
225847,-73.8938308,40.7604363,0
337257,-73.9862718,40.6921949,0
590934,-73.9342568,40.7121231,0
962297,-73.8514458,40.6874117,0
1009,-73.74815,40.598206,0
249629,-73.9034678,40.7657686,0
91458,-73.9547667,40.632669,0
346197,-73.8565662,40.7124286,0
835151,-73.9092872,40.82699,0
756129,-73.8732802,40.8380117,0
810331,-73.9166193,40.641947,1
681978,-74.0083661,40.7503074,3
638198,-73.831773,40.7644548,0
823898,-73.7576813,40.702239,0
488151,-73.7985458,40.7039893,0
761132,-73.8868337,40.8653906,0
445764,-73.9524386,40.7346885,1
685035,-73.8672585,40.8316236,1
919074,-73.9913755,40.7390869,0
637223,-73.9390407,40.6007425,0
64309,-73.9046588,40.6326356,0
784939,-73.938129,40.8229332,0
22169,-73.96951,40.712616,1
624287,-74.1072246,40.5908082,0
859439,-73.9360169,40.8062963,0
806107,-73.8629598,40.8344209,1
710525,-74.074262,40.6058908,0
351889,-73.9613466,40.6804635,1
968665,-73.8464626,40.6873915,0
959572,-73.9981373,40.7649043,0
665175,-73.9753944,40.7454414,0
472835,-73.9519581,40.7151811,0
274441,-73.9095834,40.7021237,0
464013,-73.9539593,40.784616,0
837490,-73.7735714,40.7151196,0
600686,-73.977653,40.7579112,0
437439,-73.9242603,40.8306815,2
40145,-73.83489,40.87998,0
598669,-73.946221,40.8246527,1
283659,-73.9872553,40.6220219,0
480743,-73.9467684,40.8314708,0
540515,-74.0114187,40.6199141,0
495700,-73.8941137,40.723215,0
234910,-73.9221241,40.8187955,1
10786,-73.74261,40.695923,2
633398,-73.9925287,40.7534749,0
738494,-73.9893124,40.6655654,0
342251,-73.7465392,40.7357781,3
39750,-73.90001,40.852516,0
983730,-73.8116913,40.6876692,0
7731,-73.94547,40.664227,0
476716,-73.8059498,40.6830976,1
352431,-74.1464723,40.6080634,0
36442,-73.89918,40.84097,0
896510,-73.7811617,40.7292122,0
937205,-73.8810573,40.8465946,0
780433,-73.9978061,40.736035,1
776173,-73.7933174,40.6977604,0
739724,-73.867181,40.6604526,1
8881,-73.97424,40.65021,0
332513,-74.0136227,40.6350212,0
338570,-73.9562587,40.8133899,0
31540,-73.78435,40.674694,0
855780,-73.7794791,40.6783648,1
599115,-73.9168107,40.6386809,3
567946,-73.9122115,40.8507807,1
95300,-73.9723956,40.6056521,0
499026,-74.1818722,40.609508,2
563700,-73.867132,40.7556135,0
712450,-73.9469072,40.7027837,3
735818,-73.9288573,40.6374565,1
689397,-73.8674847,40.8613463,0
562235,-73.9531488,40.5970272,0
911903,-73.9859127,40.7193378,0
264951,-73.9002838,40.8624717,0
893691,-73.7767828,40.778409,0
16961,-73.915,40.80487,0
420681,-73.8846178,40.8214127,0
708729,-73.7402918,40.6361148,0
799238,-73.9443222,40.7880564,1
645039,-73.9463647,40.6957047,1
430857,-73.8044981,40.7072274,0
953395,-73.92446,40.8234685,0
257344,-73.8723352,40.8593538,3
893574,-73.7777101,40.7220991,1
805084,-73.9473957,40.6732722,1
813475,-74.0052902,40.740023,0
364151,-73.872941,40.822433,0
680988,-73.9476836,40.8302224,1
293707,-73.8906632,40.8253078,0
619883,-73.7332073,40.7075646,0
480325,-73.930381,40.6517331,1
360263,-73.8157008,40.769906,0
325094,-73.9638616,40.8029708,1
389480,-73.9078268,40.7569982,0
351593,-73.9534376,40.6682244,0
491227,-73.9882,40.7185558,0
882691,-73.8654013,40.8654692,0
925040,-73.9242798,40.8071867,0
351922,-73.7311243,40.7609347,2
82224,-73.92737,40.6235615,1
602282,-73.8838429,40.7457972,0
270712,-73.9764412,40.7857344,1
806085,-73.8844298,40.8443803,0
392985,-73.8559144,40.7302934,0
781239,-73.983213,40.6959932,0
646137,-73.759839,40.6889533,3
773629,-73.8153776,40.6664306,0
460149,-73.9323639,40.5861006,0
275546,-73.9195931,40.661997,1
442290,-73.8415623,40.7011005,0
357266,-73.9722057,40.5860021,0
669530,-73.9177354,40.8151584,0
427432,-73.8969027,40.6460921,0
744893,-73.9523062,40.8238869,0
124420,-73.9832649,40.7478829,0
99859,-73.8895878,40.6698908,0
90031,-74.11494,40.56534,0
805569,-73.9493013,40.8127256,0
1004127,-73.9761722,40.7967215,1
577258,-73.9499135,40.6760949,0
16705,-73.80345,40.683594,2
960154,-73.9254873,40.8417709,2
266319,-73.9171955,40.6160915,1
558916,-73.8281463,40.7639417,0
619012,-73.822349,40.7868543,0
559171,-73.9441849,40.6847054,4
812720,-73.9643026,40.8023726,0
899643,-73.8171259,40.7176783,0
386384,-73.9306058,40.6538055,0
277328,-73.7814534,40.7624134,1
420858,-73.7956137,40.6886573,1
712894,-73.8083679,40.6734705,1
622210,-74.0210119,40.6334692,0
563398,-73.956961,40.7601349,0
94181,-73.9995814,40.6731102,0
490599,-74.0295399,40.6048726,1
84158,-73.87195,40.860764,1
111820,-73.8453362,40.7385757,0
674077,-73.7437176,40.6813127,0
85384,-73.9286112,40.6351864,0
652832,-73.9057094,40.8605659,0
442021,-73.8876246,40.8188493,0
945459,-73.8371988,40.5798131,0
66717,-73.9868618,40.6992188,1
559743,-73.9506459,40.6608261,0
568098,-73.8249346,40.7621308,0
950961,-73.8847756,40.8742704,0
793068,-73.8866994,40.8189912,1
772548,-73.8745815,40.73477,1
14421,-73.951805,40.743015,1
381252,-73.9973001,40.7571064,0
251186,-73.8166124,40.7031657,1
810334,-73.8370922,40.7240823,1
749262,-73.7947294,40.7100129,0
276674,-73.9577247,40.717835,1
535794,-73.892631,40.8178233,3
913838,-73.8624706,40.7301807,0
712662,-73.9170371,40.7354542,2
527128,-73.8709403,40.738702,3
212409,-73.8334458,40.8360536,1
307733,-73.8222131,40.682243,1
262317,-73.8423382,40.6993586,0
867643,-73.8903603,40.8666127,0
32225,-74.16357,40.63656,0
291683,-73.9207971,40.7468907,2
947358,-73.9656248,40.6271557,5
448222,-73.832275,40.7514564,1
69152,-73.9160192,40.5846,0
312094,-73.8982722,40.8894585,1
522477,-73.8193308,40.6881124,5
652238,-73.8063636,40.672221,0
628000,-73.922463,40.7574235,1
821219,-73.9449951,40.8084473,0
284858,-73.9922237,40.7379177,0
410877,-73.930381,40.6517331,0
5127,-73.89686,40.81446,1
624497,-73.9046221,40.8473932,0
77494,-73.9372674,40.7404589,1
753689,-73.8369269,40.6941415,0
573499,-73.9670687,40.7526196,0
622931,-74.0666242,40.5903421,0
656598,-74.0176144,40.6358082,0
484823,-73.9933307,40.7014198,1
745979,-73.9875432,40.7198321,2
535094,-73.8167895,40.7031321,0
813986,-73.9084419,40.8452115,3
698014,-74.1045436,40.5756539,0
857407,-73.9284202,40.8602419,1
442484,-73.9476978,40.6328856,0
495650,-73.9436089,40.7831836,0
60104,-74.1073636,40.6347138,0
44077,-74.1099992,40.6118307,0
690605,-73.9465215,40.7070105,0
365934,-73.9307664,40.6553345,1
333271,-73.7844195,40.7047625,1
20332,-73.95033,40.826622,1
519936,-73.9567966,40.7749666,1
230882,-73.8909597,40.6752252,0
752552,-73.9596501,40.8087525,0
319254,-73.8095122,40.7612994,1
971587,-73.9370755,40.6646429,0
717336,-73.9257658,40.708805,1
988723,-73.9752435,40.6854052,0
567674,-73.9914181,40.7448014,0
823877,-73.9338317,40.7516035,0
881868,-73.9514819,40.7304639,0
807762,-73.746017,40.7526667,0
237865,-73.9469994,40.6775017,1
76963,-73.8387135,40.7568386,0
697085,-74.0035559,40.6309239,0
808481,-73.944623,40.6869042,0
929398,-73.9769843,40.7501572,0
13823,-73.8507,40.737797,0
832900,-73.9340839,40.6498688,0
571211,-73.9651721,40.6247649,0
250804,-73.7297895,40.6789969,0
36469,-73.95046,40.7923,1
632296,-73.9424305,40.753996,2
782976,-73.96236,40.7948514,0
751181,-73.8304741,40.8691175,0
1000343,-73.9197524,40.8681135,0
330769,-73.8065882,40.7066326,0
946740,-73.904099,40.906862,1
220430,-73.7453661,40.6924547,0
368888,-73.918015,40.6702714,0
216978,-73.8643617,40.8682071,0
916731,-73.944623,40.6869042,0
283056,-73.9087095,40.8240665,0
330064,-73.8503707,40.8290531,0
828063,-73.9927942,40.7339213,0
406969,-73.9993434,40.7250066,0
425886,-74.2302289,40.527667,0
639317,-73.844789,40.7201645,0
264913,-73.7761182,40.6678458,1
747113,-73.8865998,40.83928,0
796564,-73.9678754,40.8013526,2
546833,-73.9451007,40.6453732,0
595464,-73.8211653,40.7596849,0
971646,-73.9370159,40.6323121,1
799914,-73.7711976,40.7130865,0
645037,-73.7484422,40.7153474,0
984389,-73.9769016,40.6036878,0
433861,-73.925707,40.6353658,3
305917,-73.9036789,40.7573763,0
969184,-74.1373916,40.549593,1
590879,-73.8266015,40.68343,0
435502,-73.8726404,40.7459994,0
329446,-73.9190121,40.8406495,0
320386,-73.9312651,40.7519917,0
43551,-73.8992852,40.710204,0
487412,-73.8886766,40.7471331,3
383404,-73.8637028,40.7469059,1
359616,-73.9342328,40.8461403,0
50374,-74.0014,40.67578,0
74355,-73.9857652,40.7177239,0
969313,-73.9699667,40.6091511,0
741986,-73.7318542,40.7489279,0
363977,-73.8371912,40.8448058,0
865633,-73.8409196,40.8389159,0
52125,-73.9120144,40.7675688,0
737749,-73.8829509,40.828303,0
753814,-73.8850947,40.7439732,3
607344,-73.9877686,40.7497883,0
736576,-73.952875,40.576883,0
434393,-73.9470478,40.780065,0
607464,-73.8555773,40.6927254,0
334467,-73.9638107,40.6175896,0
543443,-73.8713235,40.7570373,0
212561,-74.0778017,40.5792516,1
286822,-74.1627224,40.5607752,0
509869,-73.8414683,40.7299972,0
926865,-73.9237498,40.6643768,0
472389,-73.8068844,40.7737013,0
265131,-73.8703259,40.7320429,0
627542,-73.8294593,40.6853995,0
326930,-73.9117847,40.840076,0
301366,-73.9432739,40.7934877,0
366923,-73.9466104,40.6410646,1
248477,-73.9203819,40.7329414,0
923218,-73.879277,40.7481228,0
378808,-73.8668042,40.8509486,1
578914,-73.9973009,40.6472719,0
615548,-74.2068698,40.5314334,0
925241,-73.7381408,40.6581534,0
749276,-73.9466746,40.6509486,1
496494,-73.9050863,40.8564099,1
564545,-73.8184852,40.7161366,0
728793,-73.8049531,40.6959582,0
695228,-73.985087,40.6207124,1
8870,-73.95583,40.650528,1
95449,-73.98056,40.6919882,0
841112,-73.8313156,40.6655878,0
694183,-73.8383363,40.670596,0
522496,-73.7949234,40.6715753,0
416376,-73.9129604,40.8281594,1
392054,-73.979056,40.750218,0
983938,-73.9544246,40.7624116,0
296027,-73.9563196,40.8031164,1
281627,-73.9850075,40.6057313,1
365247,-73.9293693,40.7967991,2
871948,-73.9983062,40.6497395,0
565255,-73.8173235,40.7653551,0
277744,-73.9010925,40.812181,0
377379,-73.8194167,40.607122,1
934186,-74.0244118,40.6399995,1
368328,-73.9386241,40.6778626,0
362697,-73.789656,40.7886284,0
234855,-73.8567841,40.8326431,0
609470,-74.1083091,40.5801903,0
382364,-73.7728608,40.7362694,0
638764,-73.9934636,40.7521904,0
425174,-73.9287885,40.5973221,0
385192,-73.8508811,40.7375562,1
231203,-73.956076,40.5921015,0
439836,-74.0160711,40.6431097,0
992753,-73.9833217,40.6936492,0
287198,-74.0110296,40.6409749,0
258911,-74.0262626,40.6279209,0
746869,-73.9743798,40.5871993,0
8682,-73.82359,40.71603,6
416413,-73.976665,40.6829709,0
386450,-73.8526547,40.7370625,2
48859,-74.1941074,40.5348132,0
727621,-73.976609,40.5753038,0
845184,-73.778912,40.6895707,1
480742,-73.8181833,40.6857748,1
980487,-73.949858,40.64439,1
19757,-73.86408,40.901386,1
920769,-74.0096287,40.6216352,0
640864,-73.9534179,40.5880683,1
415987,-74.0093189,40.7247015,0
894556,-73.9610281,40.5961601,0
501953,-73.9194794,40.8367962,0
257405,-73.8765111,40.6425396,1
277334,-73.9464607,40.800664,1
670363,-73.9608887,40.5943649,1
444460,-74.0959676,40.644811,0
538633,-73.8961633,40.6465718,1
484389,-73.8855916,40.738325,1
573505,-73.8835079,40.7557548,0
274460,-74.1104006,40.5866578,0
389475,-73.9861892,40.5862763,0
776720,-73.9917667,40.6108455,0
985548,-73.9313928,40.8137456,0
798315,-73.9787516,40.7199351,0
563879,-73.8699408,40.7423486,1
993255,-73.8208533,40.6891331,0
868079,-73.9017437,40.8384595,1
959593,-73.8371456,40.7079562,0
225483,-73.748642,40.7015883,0
665550,-73.957019,40.6989727,0
707525,-73.8331189,40.728233,0
465053,-73.9059739,40.640237,0
345700,-73.9487732,40.7104315,0
636332,-73.8440906,40.68253,0
723678,-73.726718,40.6927264,1
685654,-73.8522143,40.6660501,0
256974,-73.7903355,40.6803888,0
497281,-73.9176827,40.8402259,0
573397,-73.9868516,40.751081,0
54262,-73.8875939,40.6765889,0
951400,-74.0048448,40.7188527,0
494997,-73.9965491,40.6901041,1
973536,-73.9834445,40.7220191,0
22561,-73.90972,40.713116,0
602684,-73.9315975,40.6356768,0
768857,-73.7932546,40.6854362,0
997100,-74.007232,40.7434703,0
383876,-73.8975648,40.7077596,0
920890,-73.824898,40.7161154,0
35483,-73.75324,40.680115,0
18443,-73.972725,40.643456,1
753091,-74.0840681,40.5954964,0
74438,-73.9462239,40.7188615,0
672112,-73.7353338,40.665256,0
826998,-73.9786065,40.7450578,0
555337,-73.9579038,40.708426,0
243794,-73.9372668,40.8291633,2
262289,-73.8059498,40.6830976,1
400737,-73.8538326,40.7549579,2
24471,-73.88688,40.857826,0
617999,-73.9669961,40.7609059,2
757119,-73.8448206,40.7236339,0
661119,-73.9657174,40.6222646,0
810946,-73.8847976,40.6841507,2
760639,-73.8617163,40.8171743,1
416036,-73.8883174,40.8451773,1
944885,-73.8297,40.7170151,2
14586,-74.00305,40.680855,0
722833,-73.9530258,40.8025332,1
911295,-73.8207717,40.7141241,1
258479,-73.8530095,40.7533704,0
655003,-73.9432348,40.778872,0
264257,-74.2015265,40.5262662,0
370937,-73.836352,40.7667231,1
804082,-73.9257477,40.6602775,0
897427,-73.935859,40.6777156,0
388619,-73.9958437,40.7265271,0
352693,-73.9450215,40.6627147,0
61170,-73.7869709,40.6670841,0
730188,-73.8873051,40.738645,0
665333,-73.9804719,40.7831606,0
102097,-73.9030288,40.8097014,0
936326,-74.1482289,40.6086217,0
248731,-73.9833217,40.6936492,0
434371,-73.98835,40.6445622,0
357929,-73.9945485,40.7707422,0
976899,-73.8555803,40.7379289,1
749870,-73.9262198,40.8167588,1
338816,-73.9125045,40.724257,2
919433,-73.8371654,40.6968646,0
834069,-73.8784859,40.8810763,0
867565,-73.7826919,40.7200909,0
400171,-73.906022,40.7032764,0
16227,-73.94649,40.79486,1
547968,-73.863506,40.8235744,0
760712,-73.8076794,40.7609587,2
79498,-73.9222317,40.7205777,1
128538,-73.9149663,40.7741501,1
748711,-73.9988418,40.730669,0
470737,-73.8435845,40.8690866,0
976453,-73.9990364,40.749638,0
576150,-73.9642976,40.6097753,1
644807,-73.9147622,40.6345512,0
969227,-73.9010217,40.8476674,0
501985,-74.1405424,40.5540413,0
353201,-73.9453041,40.7723306,0
976365,-73.9856988,40.673975,0
28122,-73.944244,40.847458,0
556613,-73.9176544,40.6382505,1
123214,-73.9467528,40.7710786,0
535184,-73.7624878,40.6741946,2
1000039,-73.8404669,40.6810813,0
704190,-73.9949094,40.7249516,1
704962,-73.8596663,40.8196174,0
221271,-73.9481706,40.7246381,4
597316,-73.9436997,40.8153057,0
779413,-73.8323919,40.7523184,0
825076,-74.0048609,40.7416452,0
680327,-73.767973,40.7575782,0
530417,-74.0109643,40.7261753,1
242583,-74.1834828,40.5434775,0
483958,-73.7623859,40.6916677,0
338992,-74.0048751,40.6399954,3
716024,-73.9142125,40.7567204,0
32661,-74.186745,40.539707,0
398164,-73.8840996,40.7538313,0
941151,-73.9641058,40.5979864,0
828624,-73.8862985,40.7554611,0
617104,-73.8349614,40.7703252,0
567851,-74.0778017,40.5792516,1
35960,-73.93782,40.749897,1
477003,-74.0184306,40.6408367,0
962753,-73.9374202,40.8043758,1
813952,-73.7352785,40.7709103,0
678749,-73.9228869,40.8091071,0
20858,-73.98865,40.72293,0
875382,-74.0928366,40.601089,0
56563,-73.8869267,40.7553876,2
257133,-73.9840884,40.6392972,0
438076,-74.0070709,40.6547729,0
34169,-73.878624,40.74977,0
685972,-73.8924748,40.7529474,1
303139,-73.9514819,40.7304639,0
416460,-73.9088844,40.6699599,1
246395,-73.9790632,40.715667,0
678012,-73.9459999,40.6117856,0
828627,-73.8351173,40.6850839,4
326188,-73.912423,40.6572461,0
414305,-73.9508825,40.6869317,0
851591,-73.9781153,40.7572855,1
787192,-74.1194707,40.6293935,0
46371,-73.9273161,40.8185601,1
267615,-73.7735803,40.7592115,0
640946,-73.9465215,40.7070105,0
100429,-73.7711152,40.7507198,0
889850,-73.8097836,40.6751087,0
837914,-73.8184852,40.7161366,1
564453,-73.8302956,40.7633822,0
628075,-73.9406446,40.8057361,0
812795,-73.8159479,40.7066287,0
556031,-74.0934086,40.5852401,0
346290,-74.0053743,40.618844,0
815756,-73.989131,40.6064564,1
310200,-73.9556509,40.6466293,0
672018,-73.9385389,40.8172821,1
395359,-74.1055767,40.5619893,0
363975,-73.9085863,40.5931634,2
432768,-73.8258766,40.6945315,2
956873,-73.8881227,40.8642556,1
261447,-73.9276152,40.6764454,0
20258,-73.94795,40.81458,0
572258,-73.9887629,40.696197,0
403593,-73.9138486,40.8538121,0
100959,-73.7400875,40.7172612,0
602243,-74.0011907,40.7291676,0
627413,-73.8625956,40.7342733,2
603871,-73.9118065,40.692785,2
403191,-73.9981159,40.6258159,0
767022,-73.9368131,40.5839651,0
607724,-73.9590155,40.5781233,0
592399,-73.9573511,40.6814832,0
857303,-73.9414719,40.5837974,0
968468,-73.8191619,40.6918944,0
582904,-73.9307732,40.6279882,0
506685,-74.1170123,40.624524,2
825061,-73.9164642,40.6766464,3
442830,-73.9282179,40.816535,0
42049,-73.933443,40.7143843,0
488258,-73.8230411,40.6800101,0
307710,-73.9376716,40.8483929,1
677909,-73.9313928,40.8137456,0
944875,-73.9015367,40.8171576,0
586985,-73.9519581,40.7151811,0
86674,-73.8811405,40.8708441,0
451936,-73.9298187,40.7953235,0
585254,-73.9596475,40.8011551,0
236677,-73.9367194,40.8082207,3
964535,-73.9804246,40.7598989,5
249595,-74.097988,40.5949309,0
265178,-74.0116096,40.6404149,0
407232,-73.9110367,40.699531,0
238463,-73.9905035,40.578358,0
226517,-74.0174913,40.6448799,0
220871,-74.0030309,40.7332161,1
512296,-73.8622138,40.6955744,0
564543,-74.0059263,40.6286429,0
596439,-73.8513986,40.6956323,0
407762,-73.8903603,40.8666127,1
975280,-73.8265417,40.7604644,1
91930,-73.9270904,40.5843704,1
657088,-73.9419319,40.7007255,3
954159,-73.9586895,40.8024695,0
906246,-73.934392,40.8056394,0
568216,-73.8328215,40.7537216,0
247043,-74.0797894,40.6158329,0
357904,-73.7884087,40.6819937,1
781040,-74.0030447,40.7180266,0
586035,-73.9057546,40.6730288,0
924836,-73.8890253,40.7666318,0
520621,-73.8435859,40.827002,2
680989,-74.0072062,40.6377555,0
654510,-73.7914987,40.7684485,1
234680,-73.8700947,40.8778697,0
350653,-73.981,40.6283094,1
793251,-74.0827948,40.5966254,1
500810,-73.9525139,40.6442813,0
484236,-74.0027306,40.6248223,0
814014,-73.9948425,40.7502939,0
99867,-74.123735,40.6209707,0
655672,-73.8183241,40.7558708,0
364551,-73.809689,40.7057457,1
774196,-73.8858017,40.7631514,1
616844,-74.2208791,40.5492047,0
749246,-74.0018831,40.7193963,4
578494,-73.9306974,40.6732579,0
309178,-73.940894,40.7039144,0
302613,-74.006181,40.7344402,0
646291,-73.8552926,40.7025952,0
613291,-73.9061105,40.9016707,0
493766,-73.9444241,40.8346811,0
983,-73.9872,40.66622,0
307206,-73.919232,40.6476443,0
707429,-73.9552819,40.7885854,2
32647,-73.92612,40.836624,0
315787,-73.8893729,40.8733829,0
988294,-74.0917627,40.5900146,1
712595,-74.004927,40.7570213,0
992558,-73.8683079,40.8399962,1
403608,-73.8406244,40.6740302,3
976041,-73.9765674,40.6219955,0
379531,-73.9285423,40.7364125,3
440665,-73.8267678,40.8789517,0
2787,-73.75709,40.722702,0
589967,-73.9297247,40.85738,0
412225,-73.9962071,40.6817243,0
953055,-73.8515433,40.8071846,1
262148,-74.0069372,40.7191271,0
961834,-74.0039544,40.7298565,0
748698,-73.9787861,40.7476845,0
556298,-73.8836235,40.8672566,1
474563,-73.8900133,40.7550695,0
420536,-73.9792844,40.7818402,0
715036,-73.979056,40.750218,1
987117,-73.9477514,40.6610059,0
106526,-73.9934818,40.7137913,0
389488,-73.9377529,40.8348917,0
32053,-73.8701,40.73652,0
413607,-73.9046321,40.8353412,0
293551,-74.1907466,40.5983028,2
609502,-74.1130228,40.600135,0
860946,-73.9223713,40.8361093,1
319120,-73.8026224,40.6664063,4
260285,-73.7442823,40.7653588,0
978275,-74.0055932,40.7381374,0
530525,-73.9890116,40.7187947,0
905066,-73.8208496,40.7522407,0
491154,-73.7947704,40.6908434,0
26990,-73.914085,40.833286,0
51641,-73.9791676,40.6934893,0
223438,-73.9974342,40.7416425,0
488153,-73.8216767,40.8262017,0
309640,-73.826085,40.8413702,0
923661,-73.7833817,40.7577537,1
256029,-73.9046763,40.8726198,0
303137,-73.9098866,40.7579468,0
433086,-73.9236088,40.6616622,1
612266,-73.954162,40.7128032,3
903291,-73.9278555,40.6375904,0
882008,-73.7667546,40.6674319,0
529235,-73.8111788,40.6903829,2
839738,-73.8666198,40.7104013,0
565465,-73.9525305,40.8032165,0
861393,-73.9679705,40.5886305,2
92052,-73.7645616,40.7525648,1
429139,-73.9494698,40.7050191,2
903199,-73.7580824,40.7447645,0
471466,-73.8375095,40.6932969,0
15498,-73.91701,40.7065,0
645151,-73.9135597,40.6784284,0
512350,-73.8673763,40.8776332,0
756714,-73.8624706,40.7301807,0
266083,-73.831521,40.7013909,0
550786,-73.9752435,40.6854052,0
390558,-73.9462797,40.7922458,1
702847,-73.8980963,40.7706396,0
300551,-73.9281805,40.6704292,0
539372,-73.9261524,40.7440288,0
485425,-73.9392613,40.6710339,0
376952,-73.8758947,40.8763005,0
368361,-73.897203,40.6289594,0
1004681,-73.9277733,40.8101066,1
666988,-73.9663685,40.6024665,1
894033,-73.8130682,40.7560463,0
250619,-73.9206952,40.7350021,3
386308,-73.8038446,40.7614079,0
438525,-73.9058416,40.8310577,0
312086,-73.8728057,40.8408685,0
333955,-73.9113364,40.6720753,0
468453,-73.9622195,40.7178613,3
915061,-73.8984538,40.7090395,1
522391,-73.9508577,40.828297,0
92292,-73.9898715,40.7339156,0
706328,-73.9698128,40.6388964,1
282981,-73.929027,40.7082774,0
20317,-73.968666,40.61462,0
438546,-74.0083661,40.7503074,0
897406,-73.7454772,40.7549013,3
536346,-73.9243649,40.6114632,1
721475,-73.8411794,40.8285193,0
36870,-73.84214,40.668266,1
684238,-74.0144917,40.6549235,0
991555,-73.9781227,40.7457274,3
250278,-73.9647563,40.7640562,0
824940,-74.1610298,40.5558232,0
338221,-73.8637067,40.8190816,0
33747,-73.79241,40.69815,0
1003623,-73.9454007,40.772159,0
283073,-74.1236275,40.6173696,0
73991,-73.9677125,40.7052151,1
444335,-73.950335,40.6716376,1
892014,-73.917593,40.868886,0
372675,-73.9334286,40.6348847,0
985453,-73.8525973,40.7080347,1
958549,-73.8962127,40.8163185,1
871956,-73.7736537,40.670701,0
20377,-73.82947,40.6854,0
983871,-73.8280091,40.6940516,0
904239,-73.8471548,40.7442432,0
724888,-74.0033798,40.7108271,0
91372,-73.915567,40.7445787,1
736603,-73.8183565,40.7664683,0
563902,-73.8631855,40.7527626,0
559519,-73.9324351,40.8510962,1
342268,-73.9204005,40.8220605,0
16224,-74.06846,40.608475,0
1001293,-73.8033269,40.6776723,0
350759,-73.9156111,40.820822,0
628943,-73.8720247,40.7339657,0
214490,-74.1011649,40.6170402,0
456643,-74.1886646,40.5305508,0
641457,-73.7699563,40.6818622,0
241525,-73.8913914,40.7466417,2
7664,-73.98508,40.75939,0
570296,-73.7792633,40.7577266,1
234703,-73.940404,40.722499,0
736658,-73.8420568,40.7282908,0
356333,-74.1610238,40.5398978,0
165105,-73.99077,40.76099,0
389298,-73.8999829,40.7356156,0
257967,-73.9497681,40.6776512,0
805030,-73.8460949,40.68424,1
720480,-73.9089197,40.6625545,1
893914,-74.0887612,40.6072872,1
754258,-73.9639998,40.5876412,0
861988,-73.9026252,40.6682722,0
560946,-73.9726825,40.6526402,1
899146,-73.9148771,40.818461,0
628457,-73.8900044,40.6511499,0
323683,-74.1514265,40.545406,0
531025,-73.8202634,40.6016392,0
403639,-73.9352238,40.6969863,0
911358,-73.9925792,40.5916787,0
387134,-74.0073938,40.7051837,0
776087,-73.7925831,40.6833902,0
446861,-73.9732091,40.7952524,0
287842,-73.8515516,40.7435066,0
68087,-73.8918713,40.844522,0
831083,-73.904896,40.6380842,2
856847,-73.947563,40.6714882,0
592362,-73.8536375,40.8733019,0
696481,-73.9405567,40.72223,0
972952,-73.968775,40.5928687,0
740637,-73.8209867,40.8382472,0
32179,-73.92596,40.65563,0
363932,-73.9697918,40.8070452,0
363433,-73.8731615,40.7509158,0
556723,-73.9950956,40.6459461,0
328849,-73.9406885,40.7119619,0
316470,-73.9436089,40.7831836,2
346982,-73.9521255,40.8088622,1
518274,-74.1464723,40.6080634,0
756683,-74.0201514,40.6355664,0
344290,-73.8873051,40.738645,0
716197,-74.0057798,40.7256734,0
454181,-73.8787858,40.7443619,1
637123,-73.9474279,40.6142236,1
645060,-73.881136,40.7479271,0
659681,-73.9053847,40.839769,0
636937,-73.9049326,40.8627501,2
656147,-73.8590554,40.8334144,1
473202,-74.0021087,40.6769316,2
456237,-74.0042758,40.7333917,0
741971,-73.7658688,40.6825704,0
609230,-73.9665842,40.7615508,0
460535,-73.8041999,40.5864891,0
373359,-73.8838133,40.8227878,1
812674,-74.006972,40.7416259,0
795930,-73.791744,40.7257899,1
708442,-73.9388038,40.7138741,0
566265,-73.9035766,40.8430035,0
429132,-73.9085253,40.6610144,0
788667,-73.8890412,40.7709167,0
321051,-73.91899,40.7786873,0
606483,-73.9917611,40.684812,0
226568,-73.9576745,40.7685031,0
977481,-73.9985947,40.6425838,1
124258,-73.8944384,40.666297,0
752784,-73.9550751,40.7043106,3
70717,-73.7659101,40.6933986,0
677958,-73.7875579,40.7702254,0
703282,-73.8635562,40.8378662,3
351409,-73.9313928,40.8137456,0
1000722,-73.9444982,40.6245976,0
398253,-73.9213219,40.7395242,0
998630,-73.9517685,40.8129407,0
530447,-73.957829,40.8151553,0
689977,-73.805401,40.6747116,0
803253,-73.8259543,40.860948,0
968616,-73.8776389,40.6811159,1
96565,-73.9883907,40.7216876,1
37773,-73.96138,40.610096,1
880854,-73.9915987,40.60058,1
254084,-73.9552939,40.6792042,0
782317,-73.779064,40.7503319,0
776613,-73.809689,40.7057457,0
90831,-73.9431723,40.8109414,0
832894,-73.9480158,40.6362673,0
867096,-74.0909169,40.6061629,1
534130,-73.9296441,40.854907,0
941123,-73.8505618,40.6876631,0
508,-73.83578,40.871628,0
325257,-73.8258728,40.687708,0
849604,-73.8066524,40.7255524,0
637444,-73.7544185,40.6049786,0
916186,-74.1933363,40.5922093,0
883431,-73.8342056,40.7704501,0
363518,-73.9491181,40.7263019,0
742627,-73.8606368,40.747819,0
525465,-73.898666,40.6714802,0
551742,-73.9487269,40.8033301,0
598720,-73.9538096,40.6828487,0
87239,-73.9679609,40.6837264,4
385792,-73.9849757,40.7791238,0
69891,-73.852091,40.8728251,1
508394,-73.9876168,40.770415,0
724768,-73.9988646,40.6627909,0
1007048,-73.9655103,40.6813432,0
415918,-73.957829,40.8151553,0
647154,-73.983731,40.7604566,0
43552,-73.8986705,40.8417093,0
13074,-73.94725,40.711323,1
863847,-73.9845292,40.6960346,0
355776,-73.8838318,40.880467,0
126959,-73.962186,40.6497882,0
310671,-73.9958941,40.6695924,1
600395,-73.9868455,40.7453005,0
298056,-73.8751395,40.7566326,0
95146,-73.9397674,40.8410766,0
685685,-73.8573019,40.7478808,0
474130,-73.8346499,40.6671159,0
279192,-73.8810776,40.6714688,2
906721,-73.9417575,40.6320154,3
849694,-73.9656962,40.7545048,1
46999,-74.0263303,40.6168814,0
253925,-74.122557,40.6130779,0
295935,-73.9482914,40.8338622,0
833016,-74.0114127,40.6475898,2
561198,-73.9698492,40.7896743,0
632935,-74.0200041,40.6426688,0
856872,-73.8259799,40.8304159,5
772570,-73.9763154,40.6825097,0
371576,-73.9605259,40.7999588,0
458012,-73.981748,40.6857413,0
636439,-73.9605171,40.5894516,3
601011,-73.9622533,40.6983238,1
578384,-74.0127369,40.6566254,0
622326,-73.8831858,40.6325401,0
18229,-73.89124,40.659405,1
412880,-73.9254121,40.6702792,1
382613,-73.9500905,40.6997906,4
961898,-73.9504063,40.7066527,0
285722,-73.9597977,40.713886,1
995473,-73.9332342,40.6418947,0
64369,-73.8869359,40.6776972,2
606432,-73.9865462,40.5836578,0
303133,-73.9703154,40.7564521,0
274461,-74.0083473,40.7447026,1
586601,-73.9629739,40.7624884,0
904159,-73.9156959,40.6170648,0
448223,-73.84312,40.6905078,1
558729,-73.9212136,40.8676918,0
640502,-73.8026907,40.6744709,0
1004367,-73.7835025,40.7483476,0
752557,-73.8672097,40.6913149,0
549952,-73.817418,40.7044959,0
23909,-73.85913,40.825935,0
696897,-73.9677858,40.6879835,0
888154,-73.7391857,40.6670627,3
729886,-73.9582575,40.5986294,0
972081,-73.8971299,40.6110621,0
526451,-73.9737646,40.7603642,1
742486,-73.9253736,40.8625812,3
816446,-73.9588624,40.7681193,0
82278,-73.8814419,40.8781865,0
827617,-73.8282324,40.6829686,0
534492,-73.8301393,40.7595695,0
746580,-73.9754511,40.7189463,2
538936,-74.0055664,40.633084,1
3372,-73.9451,40.79676,0
547694,-73.8666495,40.7333796,0
364284,-73.903851,40.8281961,0
619981,-74.1931421,40.5879491,1
920882,-73.9900681,40.7466595,1
559186,-74.0025224,40.7397514,1
837517,-73.9760491,40.7514416,0
432893,-74.0099287,40.6521655,1
603278,-73.9425841,40.7139556,0
431796,-74.0884973,40.5847883,2
514917,-73.928889,40.8646639,1
77630,-73.9276911,40.6064808,0
287803,-73.9030083,40.8163189,1
609019,-73.8317847,40.6997773,0
599001,-73.8851822,40.6367076,0
100500,-73.9532053,40.6396923,0
469670,-73.9433549,40.6558272,0
474399,-73.9994226,40.7440085,0
361593,-74.0023315,40.7502089,0
868242,-73.8935603,40.861925,0
475560,-73.8459049,40.8897408,0
717938,-73.7891014,40.7115013,0
519251,-73.8734167,40.7343762,0
796331,-73.9452966,40.8283988,0
435802,-73.9253817,40.7619707,0
716975,-73.8337141,40.7041498,0
708206,-73.9453796,40.8418477,1
401466,-73.8864328,40.8503081,0
536352,-73.8106009,40.6996017,2
866588,-73.8587678,40.7407984,1
6812,-73.807594,40.704147,0
893472,-73.9164098,40.82929,0
970077,-73.8678194,40.8585032,0
551853,-73.754179,40.6788433,0
258129,-73.9164642,40.6766464,1
393908,-73.8572472,40.7178448,0
351308,-73.9611433,40.7075241,0
472766,-73.9050073,40.9041401,1
234353,-73.8654831,40.7499574,0
300252,-73.7735714,40.7151196,0
976466,-73.8613162,40.671142,0
420888,-73.8322761,40.7008705,0
602693,-73.9960038,40.7639984,0
622750,-73.9284614,40.8656325,0
285684,-74.190725,40.5696277,0
528702,-73.922388,40.8404267,0
242100,-73.9311566,40.8116183,0
44631,-73.9433019,40.7606579,0
405148,-73.9959428,40.758981,0
93534,-73.933575,40.8027515,0
685612,-73.9833217,40.6936492,1
652266,-74.0680309,40.5998163,0
232691,-73.9711345,40.5820191,1
456529,-73.9204622,40.830915,1
627952,-73.895258,40.7526563,0
230268,-73.9239744,40.6191319,2
930427,-73.8410666,40.7091579,1
382000,-73.9552939,40.6792042,0
824787,-73.8554386,40.7034875,1
497802,-73.8470025,40.6988242,0
785509,-73.8059498,40.6830976,0
644160,-73.9441554,40.6295078,0
538476,-74.1771117,40.6242049,1
225416,-73.7993885,40.7170151,1
444720,-73.8135598,40.7944625,0
966160,-73.8975005,40.7542804,0
376933,-73.9425233,40.8515013,0
579000,-73.7857391,40.6723848,0
350807,-73.9322649,40.6419491,0
557984,-73.9561313,40.7105162,1
499022,-73.9203766,40.6487787,1
86652,-73.9281738,40.8424245,0
246848,-73.884717,40.8517583,0
696964,-73.8043027,40.6853403,0
36401,-74.11221,40.581264,1
839486,-73.9771875,40.747009,0
897120,-73.9564767,40.6567112,0
829753,-73.8791708,40.8285818,0
809673,-73.9377806,40.8284993,1
861991,-73.8753614,40.7460655,0
348725,-73.9337142,40.8442462,0
737634,-73.9744569,40.7622939,1
52636,-74.079219,40.62387,0
366356,-73.8038644,40.6884658,0
838671,-73.9482713,40.8039585,1
313426,-73.923009,40.6067166,0
17404,-73.85089,40.737553,0
598187,-74.0121683,40.7203179,0
336511,-73.9543917,40.6857804,0
571672,-73.8968533,40.6757357,0
21961,-73.90142,40.74425,0
851785,-73.8119513,40.7501926,0
783905,-73.8829986,40.7477341,0
28517,-73.97412,40.796528,2
377274,-73.9596475,40.8011551,0
444789,-73.8665099,40.6914211,1
231197,-73.9526423,40.5903077,1
652287,-73.9091188,40.6407693,1
632890,-73.958708,40.6503881,0
834211,-73.967859,40.7483506,1
861183,-73.924128,40.6900051,0
867580,-73.8859519,40.8588491,0
885091,-74.0166846,40.7047985,0
532884,-73.7956137,40.6886573,0
74286,-73.9332254,40.6759684,1
308303,-74.2327455,40.5376064,1
804462,-73.9525305,40.8032165,1
39214,-73.86692,40.89608,1
392748,-73.8701681,40.7609006,3
571186,-73.9351054,40.8075392,0
35983,-73.86318,40.759777,0
417990,-73.890323,40.6897363,2
270581,-73.9805625,40.7699063,0
931079,-73.7653967,40.7183558,0
234346,-74.0079259,40.7517512,0
220668,-73.9325484,40.8462382,0
217855,-73.7928368,40.691098,0
337491,-73.980111,40.7705293,0
266773,-73.8975686,40.6559822,1
316375,-73.9512305,40.7436441,0
270589,-73.8240436,40.5856291,0
350472,-73.9265457,40.6523922,0
12189,-74.16869,40.61452,0
101316,-73.9125376,40.6495223,0
308269,-73.9736086,40.7896149,0
748699,-73.9970084,40.7422271,0
268531,-73.8982722,40.8894585,0
652259,-74.0003863,40.7625822,0
519970,-73.9926239,40.5781084,0
930578,-73.9130865,40.8450614,2
56147,-73.9556114,40.5813966,0
228012,-73.9659052,40.6000839,2
213064,-73.9897922,40.7572323,0
667016,-73.860072,40.7383736,0
444882,-73.7764074,40.6923271,1
574886,-73.9604328,40.7195213,2
789732,-73.9622041,40.5795709,0
212401,-73.9278604,40.6464396,0
211373,-74.0021659,40.6529481,1
809630,-73.7297249,40.7302393,1
429563,-73.9482713,40.8039585,0
708118,-73.9293933,40.6519384,0
55740,-73.8987392,40.8321935,0
656088,-73.7161622,40.7318865,0
845177,-73.9000977,40.8492091,0
55609,-73.8220734,40.7616241,0
766472,-74.0979716,40.5641123,0
316394,-73.8151434,40.8198483,0
325634,-73.928659,40.8398022,0
721772,-73.9550998,40.7105878,0
221260,-73.9293744,40.7276628,0
263424,-73.9439682,40.8353094,1
16765,-73.94898,40.768875,0
817099,-73.8798401,40.748063,1
659237,-73.8255511,40.7431628,1
862511,-73.7498299,40.716613,1
262339,-73.8240129,40.7169922,1
100285,-73.9934591,40.7244328,0
960725,-73.8769367,40.713863,0
123369,-73.9599419,40.5819581,1
330076,-73.9427202,40.811567,0
733680,-73.9799352,40.7547827,0
896442,-73.8629517,40.7488428,0
737166,-73.8916479,40.659932,0
489512,-73.8222478,40.6649593,2
286992,-73.9273161,40.8185601,1
583466,-73.9926328,40.7584292,0
361264,-73.995851,40.667973,0
526366,-73.9134073,40.6514087,3
704673,-73.9996789,40.7284238,0
326215,-73.8293347,40.6890032,1
374072,-73.9637444,40.7064792,6
335910,-74.0115545,40.7014972,1
392111,-73.8044909,40.6961687,0
647660,-73.9563012,40.6550478,0
807395,-73.9555646,40.8194253,0
254163,-73.8660125,40.7594769,0
292431,-73.9493575,40.6961206,1
600045,-73.9908182,40.7242734,0
529189,-73.889791,40.7432614,0
329436,-73.9136994,40.7654813,0
871036,-73.8943816,40.8660702,0
325090,-73.904426,40.8152716,0
77816,-73.9397158,40.6746326,0
215761,-73.840351,40.7249673,0
564852,-73.9809286,40.6889031,0
700584,-73.9185718,40.701403,1
704659,-73.9035714,40.7518401,3
871936,-73.9505022,40.6698646,0
263051,-73.9836217,40.7497247,1
23724,-73.75896,40.67098,1
611353,-73.9165081,40.5609013,0
355369,-73.8150642,40.7508592,0
454480,-73.8753225,40.7630088,0
728107,-74.0898783,40.5890362,0
500886,-74.1077068,40.6196995,1
800867,-73.9362259,40.7578079,1
517093,-73.9438905,40.6832396,0
274875,-73.9000457,40.6768941,0
74878,-73.9313107,40.7042577,1
392791,-73.7772808,40.6921147,4
546710,-73.9002746,40.8637864,0
879576,-74.0025224,40.7397514,0
356189,-73.9804621,40.6812232,0
1007004,-73.7569053,40.7620943,0
230796,-73.8916133,40.8209858,1
947377,-73.9707584,40.7833397,0
359535,-73.8337176,40.7297379,3
731462,-73.8968698,40.7489935,0
77124,-73.8804583,40.8822201,1
37497,-73.885124,40.858433,0
8224,-73.94283,40.651108,0
788059,-73.884854,40.7475356,0
395855,-73.8957945,40.8642161,1
308376,-73.8349799,40.7070968,0
806843,-73.8181865,40.6898919,0
871920,-73.9899039,40.7344344,0
852523,-73.9575609,40.7145001,0
31548,-73.90026,40.87754,0
578396,-73.8460949,40.68424,0
489223,-73.9543646,40.5830814,0
979977,-73.9107635,40.6422446,0
502505,-73.8172143,40.7919871,0
546703,-73.9723479,40.6774475,2
313144,-73.8390125,40.7085545,0
342282,-73.9935407,40.6267682,2
83375,-73.8511279,40.6828083,1
217097,-73.9167488,40.7114037,1
569771,-73.9874311,40.6831263,1
954404,-73.9046763,40.8726198,0
455976,-73.9784973,40.7367906,0
506136,-73.8797894,40.7561462,0
855132,-73.7409479,40.693573,0
280490,-73.9546828,40.6872462,0
761840,-73.947563,40.6714882,1
554765,-73.9943105,40.6409121,0
949717,-73.9745025,40.6807335,0
679843,-73.9202302,40.8827101,0
502430,-73.8975005,40.7542804,1
659158,-73.8877892,40.8476168,2
784430,-73.9447234,40.7832478,0
531728,-73.9914004,40.7703138,0
798393,-74.000072,40.6204828,0
372863,-73.94538,40.6651,4
445765,-73.9743118,40.6797343,0
51686,-73.8115366,40.7679231,0
412229,-73.8054747,40.5864007,1
653929,-73.7798539,40.7111766,0
999913,-73.9164098,40.82929,2
693575,-74.146991,40.5720144,0
907120,-74.0247518,40.6243201,0
511095,-73.8726147,40.7405483,0
307772,-73.7843437,40.674696,1
9498,-73.87145,40.72956,0
771426,-73.9719069,40.757125,0
279234,-73.9745818,40.6334876,1
491638,-73.8806133,40.6791098,1
787015,-73.9749344,40.7500991,1
481810,-73.9501807,40.7190095,0
671087,-73.9718339,40.5798042,0
279277,-74.0217802,40.640181,0
660832,-74.0854047,40.606898,0
231497,-73.8983484,40.6173115,0
807891,-74.0151603,40.6471227,0
394630,-73.7265142,40.7626446,0
587130,-73.9426881,40.7146912,0
406065,-73.783672,40.7472747,0
39752,-73.9229,40.809105,2
833411,-73.9771034,40.6767074,0
539885,-74.0637592,40.598935,0
820538,-73.9153111,40.6647936,0
610027,-73.9887144,40.7485121,0
307768,-73.84001,40.7638895,6
101022,-73.9401063,40.7938182,0
436217,-73.9253817,40.7619707,0
796557,-73.7622912,40.6909209,0
570295,-73.7309347,40.7612052,0
522519,-73.7611749,40.6864528,1
454595,-73.9306024,40.8511089,0
923705,-73.8988727,40.8655829,0
522324,-74.0002743,40.7428393,0
46955,-73.8971915,40.7580597,0
400442,-73.90738,40.7771964,0
644574,-73.9156111,40.820822,0
520559,-73.946481,40.6317075,1
405309,-73.9049326,40.8627501,3
719872,-73.8708432,40.7515446,0
368241,-73.9245917,40.6466434,5
994538,-73.7528022,40.7503678,2
325085,-73.8438508,40.8419171,0
410253,-73.9099175,40.8258487,1
651771,-74.0811029,40.617789,0
36772,-73.964935,40.63885,0
795349,-73.8570589,40.6895735,0
393915,-73.940233,40.7170917,1
14915,-73.85402,40.697388,0
16318,-73.86352,40.86608,0
7561,-73.92493,40.644753,1
60885,-73.8304128,40.8818391,2
301193,-73.8313017,40.6968452,0
382616,-74.0044171,40.7422847,0
392701,-74.1402393,40.5725279,0
981365,-74.0241544,40.6257805,0
793145,-73.8789756,40.7291801,1
611892,-74.0039065,40.6512655,1
81709,-73.9486116,40.7093912,0
964531,-73.7579368,40.6984023,0
223039,-73.9170643,40.8636899,0
8215,-73.935394,40.644073,4
612984,-73.983113,40.7348371,0
964536,-73.7897299,40.683783,0
599660,-73.8540532,40.7481594,0
363921,-73.9598617,40.6556338,1
342167,-73.8732802,40.8380117,0
695610,-73.910412,40.855728,0
255815,-73.8411301,40.6524047,0
70929,-73.9228869,40.8091071,0
803097,-73.9964024,40.6690078,0
511086,-73.9361956,40.6010539,3
731982,-73.910489,40.8307375,0
972856,-73.942558,40.5935887,0
586441,-73.8216767,40.8262017,0
304641,-73.8583435,40.735001,0
313958,-73.8987762,40.8553643,0
456633,-73.7947294,40.7100129,0
856848,-73.8336777,40.7563194,0
223040,-73.9170643,40.8636899,0
973492,-73.801159,40.7274946,0
990622,-73.7477573,40.7495375,1
916173,-73.8994346,40.8741579,0
12604,-73.81662,40.703163,0
100420,-74.0069213,40.739883,1
563400,-73.7759617,40.76167,0
779964,-73.8911253,40.8454106,0
240209,-73.9544246,40.7624116,0
272006,-73.876232,40.8238325,0
725425,-73.839324,40.7229732,0
850135,-73.9573157,40.8043547,0
593756,-73.7857198,40.7131721,0
43582,-73.93943,40.654797,3
442007,-73.9866379,40.7550334,0
244446,-74.0672272,40.6031902,0
536404,-73.9478919,40.6887749,0
438563,-73.9769037,40.7850977,0
242011,-74.225346,40.5259931,0
380629,-73.8428931,40.7209662,0
828507,-73.9116661,40.8069664,1
635969,-73.7894136,40.7119987,0
664827,-74.0709552,40.6204307,0
89310,-73.9595241,40.6357861,0
274446,-74.1348723,40.5582723,0
502992,-73.8577531,40.758026,1
32631,-73.949684,40.678543,2
512835,-73.9727156,40.6775217,0
934718,-73.9030285,40.6586411,4
381462,-73.8448522,40.6651292,1
684725,-73.7422239,40.7263676,0
791995,-73.9237252,40.8119786,2
959693,-74.0157476,40.64656,0
506666,-74.0854047,40.606898,0
799463,-73.9765366,40.7507747,0
861473,-73.8170401,40.6963815,0
348613,-73.9105876,40.8246333,1
625629,-74.0055454,40.7271556,1
659583,-73.800784,40.7117527,0
566857,-73.9382388,40.6345909,1
640915,-73.9223289,40.6216588,0
383801,-73.8386985,40.781677,0
220039,-73.9633679,40.774634,0
82274,-73.7555804,40.6997725,1
377832,-73.8879185,40.8438293,0
734935,-74.0202788,40.6280621,0
237904,-73.9666173,40.7532425,0
673734,-73.9545846,40.8207698,0
783382,-73.8296055,40.6973285,0
20839,-73.95131,40.830265,3
672590,-73.89694,40.761968,0
369577,-73.9988005,40.6903113,0
689512,-73.948513,40.6409447,1
43926,-73.9960612,40.7092049,0
539856,-73.9318168,40.8582733,0
825080,-73.85104,40.8319276,0
683054,-73.9547447,40.6969956,0
734468,-73.8870292,40.8837741,2
432170,-73.9435263,40.69603,0
702620,-73.8584018,40.7500203,0
847443,-73.973516,40.6228375,2
411651,-73.7813696,40.6867455,0
835299,-73.9419319,40.7007255,0
425263,-73.9285232,40.6668667,0
885595,-73.7345961,40.6721986,2
928836,-73.9250605,40.7650967,0
82395,-73.7632742,40.6902944,0
703272,-73.7055743,40.7379231,3
890367,-73.897728,40.8364798,0
567452,-73.9503374,40.7798112,0
93329,-73.8835079,40.7557548,0
82875,-73.9876205,40.7309154,0
628580,-73.9751095,40.7353901,2
259830,-74.0045344,40.7162809,0
92559,-73.9911092,40.7605343,0
960073,-73.8106009,40.6996017,3
12492,-73.927284,40.843903,1
318800,-73.9185777,40.8147006,1
761230,-74.1036882,40.5765028,0
89179,-73.8516353,40.6719314,0
727988,-73.7629282,40.7612459,0
818367,-73.955197,40.6946875,0
49688,-73.950939,40.8257582,0
981086,-73.9903644,40.7192038,1
632295,-74.2143722,40.5555878,1
736640,-73.991024,40.7236503,1
419049,-73.9051344,40.8505308,4
276117,-73.9144354,40.7405321,0
999358,-73.9588589,40.7095517,6
843218,-73.8897118,40.8194332,1
548135,-73.860765,40.6847527,0
755985,-73.9804117,40.7425878,0
229933,-73.9082236,40.6838644,1
905124,-73.976665,40.6829709,0
850361,-73.9630861,40.7750017,0
78198,-73.8765985,40.6427022,0
793143,-73.9781533,40.6302824,0
928160,-73.8891676,40.8186175,0
757697,-73.9392802,40.7861411,0
329814,-74.1313061,40.6083089,0
419919,-73.7647702,40.7609477,0
277364,-73.9007723,40.8113299,0
529075,-73.9032792,40.8486931,2
216496,-73.9096819,40.7997627,0
285813,-73.8344134,40.7310857,0
73876,-74.2380188,40.5050145,3
954319,-74.0312674,40.6373563,0
50046,-73.83514,40.750397,0
302399,-73.9370031,40.7642393,0
553072,-74.0688152,40.5956081,0
811701,-74.1237223,40.6043949,0
36403,-73.91307,40.820133,1
519309,-73.9987847,40.6718124,2
369173,-73.8675568,40.7416789,0
377343,-73.8059498,40.6830976,0
737692,-73.9885593,40.7691169,2
954519,-73.734299,40.6653167,0
223331,-73.9342298,40.6078983,0
5053,-73.781166,40.72921,0
683135,-73.9948477,40.6357602,0
514469,-74.1787439,40.5509963,1
946257,-74.0014108,40.7310643,1
329762,-73.9577067,40.6382311,0
897526,-73.9490078,40.8233146,0
21628,-73.976295,40.759785,1
120366,-74.0129227,40.6491578,1
274883,-73.8850382,40.7537307,0
381437,-74.2304414,40.5246116,0
864218,-73.8451583,40.7289016,0
23590,-74.009735,40.629936,0
32208,-73.82483,40.83832,0
363993,-73.8993572,40.710322,0
993997,-73.9774357,40.7495397,0
403632,-73.8838558,40.7280359,0
911289,-73.9516627,40.8094906,1
469462,-73.8857889,40.7474405,0
383901,-73.7972118,40.6919621,0
35928,-73.876495,40.67213,0
90026,-74.1808298,40.535924,0
689907,-74.0013891,40.7276608,1
506684,-73.7387869,40.6735531,0
612489,-74.0106822,40.721523,1
979951,-73.9535429,40.8120522,1
705446,-73.8536188,40.8160884,2
312078,-73.946658,40.7077544,0
563285,-73.9903644,40.7192038,0
703267,-73.9847045,40.7023531,0
413234,-73.9663001,40.6095563,0
671540,-74.1014938,40.5893449,0
953269,-73.9216199,40.7530285,0
522549,-73.9136047,40.6992997,1
642420,-73.7861775,40.7537763,0
101915,-74.0879477,40.6103181,0
346414,-73.9994228,40.7186799,0
83467,-74.1106455,40.5932616,1
787071,-73.911481,40.7614009,0
496915,-73.9612231,40.5828231,0
542678,-73.8829444,40.7416105,0
301943,-73.8354305,40.6809233,0
403618,-73.9251435,40.8100528,1
355571,-73.964927,40.6388511,0
212127,-73.9049211,40.8252875,0
56997,-74.0274902,40.6169854,0
641088,-73.815315,40.773652,0
325650,-74.0038533,40.602669,0
394666,-73.9176873,40.8160806,0
45224,-73.9367235,40.7431952,1
849147,-74.0169076,40.6454454,3
894014,-73.9890116,40.7187947,2
275375,-73.9548774,40.783362,0
856230,-73.745779,40.7515615,0
783454,-73.7354925,40.7706748,0
708123,-73.8793488,40.7383845,0
918938,-73.8090456,40.676027,0
990016,-73.9005944,40.7126973,2
416765,-73.8620356,40.7189404,1
615540,-73.8655912,40.6874346,2
353820,-73.9035816,40.7677793,0
371539,-73.9896169,40.7472771,0
261354,-73.9041314,40.6385777,0
928210,-73.8411361,40.6952837,2
792057,-73.7750038,40.733205,0
20229,-73.99627,40.66215,0
